Names,Genders,Origins
Ava,Female,Hebrew
Archie,Male,German
Alice,Female,German
Aaron,Male,Hebrew
Abigail,Female,Hebrew
Amber,Female,Arabic
Arthur,Male,Celtic
Annabelle,Female,Italian
Aidan,Male,Gaelic
Alexis,Male,Greek
Abigail,Female,Hebrew
Aiden,Male,Gaelic
Amelie,Female,German
Amber,Female,Arabic
Arthur,Male,Celtic
Annabelle,Female,Italian
Annie,Female,Hebrew
Abbie,Female,Hebrew
Aidan,Male,Gaelic
Alexandra,Female,Greek
Alexia,Female,Greek
Alicja,Female,German
Alissa,Female,Hebrew
Angel,Female,Greek
April,Female,English
Aron,Male,Hebrew
Arran,Male,Hebrew
Ashleigh,Female,English
Aston,Male,English
Ayla,Female,German
Aadam,Male,Hebrew
Aadil,Male,Arabic
Aaliya,Female,Hebrew
Aaminah,Female,African 
Aamir,Male,Arabic
Aamna,Female,Arabic
Aaran,Male,Hebrew
Aarav,Male,Indian
Aarron,Male,Hebrew
Aaryan,Male,Hindi
Aayan,Male,Arabic
Abbas,Male,Arabic
Abbey,Female,Hebrew
Abbigail,Female,Hebrew
Abby,Female,Hebrew
Abdul,Male,Arabic
Abdullah,Male,Arabic
Abegail,Male,Hebrew
Abel,Female,Hebrew
Abid,Male,Arabic
Anthony,Male,English
Anwen,Female,Welsh
Anya,Female,Hebrew
April,Female,English
Arabella,Female,Latin
Ariana,Female,Welsh
Arlo,Male,Spanish
Aron,Male,Hebrew
Arran,Male,Hebrew
Ashleigh,Female,English
Aston,Male,English
Autumn,Female,Latin
Ayla,Female,German
An,Female,Chinese
Aadam,Male,Hebrew
Aadil,Male,Arabic
Aaisha,Female,Arabic
Aalia,Female,Arabic
Aaliah,Female,Hebrew
Aaliya,Female,Hebrew
Aida,Female,French
Aila,Female,Irish
Ailish,Female,Celtic
Aime,Female,French
Aishah,Female,Arabic
Aislinn,Female,Irish
Aiyana,Female,Native American
Aiza,Female,Arabic
Akasha,Female,Sanskrit
Akeem,Male,Arabic
Aasiyah,Female,Arabic
Aayan,Male,Arabic
Abbas,Male,Arabic
Abbey,Female,Hebrew
Abbi,Female,Hebrew
Abbigail,Female,Hebrew
Abby,Female,Hebrew
Abbygail,Female,Hebrew
Abdul,Male,Arabic
Abdula,Male,Arabic
Abdullah,Male,Arabic
Abdulrahman,Male,Arabic
Abdur,Male,Arabic
Abe,Male,Hebrew
Abegail,Male,Hebrew
Abel,Female,Hebrew
Abhay,Male,Hindi
Abi,Female,Hebrew
Abid,Male,Arabic
Abida,Female,Hebrew
Abigael,Female,Hebrew
Abigal,Female,Hebrew
Abigale,Female,Hebrew
Abigayle,Female,Hebrew
Abraham,Male,Hebrew
Abrahim,Female,Unknown
Abu,Male,Arabic
Abubakar,Male,Arabic
Abubakr,Male,Arabic
Acacia,Female,Greek
Ace,Male,English
Acer,Male,English
Ada,Female,German
Adam,Female,Hebrew
Adan,Male,Spanish
Addison,Male,English
Adeel,Male,Arabic
Adel,Male,Arabic
Adelaide,Female,German
Adele,Female,German
Adelle,Female,German
Adem,Male,Turkish
Aden,Male,Celtic
Adi,Female,Celtic
Adian,Male,Celtic
Adife,Female,Hebrew
Adil,Male,Arabic
Adina,Female,Hebrew
Aditi,Female,Sanskrit
Aditya,Male,Hindi
Adnaan,Male,Arabic
Adnan,Male,Arabic
adonis,Male,Greek
Adrian,Male,Latin
Adriana,Female,Latin
Adrianna,Female,Latin
Adrienne,Female,Latin
Aea,Female,Sumerian
Aedan,Male,Celtic
Aeron,Male,Hebrew
Ammaar,Male,Sanskrit
Ammar,Male,Arabic
Ammara,Female,Sanskrit
Ammarah,Female,Sanskrit
Amreen,Female,Arabic
Amrit,Female,Arabic
Amrita,Female,Arabic
Ana,Female,Hebrew
Anais,Female,Hebrew
Anaiya,Female,Hebrew
Analise,Female,Dutch
Ananya,Female,Sanskrit
Anas,Male,Arabic
Anastacia,Female,Greek
Anastasia,Female,Greek
Anaya,Female,Hebrew
Anees,Male,Arabic
Aneesha,Female,Arabic
Aneurin,Male,Welsh
Angelica,Female,Greek
Angelina,Female,Greek
Angeline,Female,Greek
Angelo,Male,Greek
Angharad,Female,Welsh
Ania,Female,Polish
Anil,Male,Hindi
Aniqa,Female,Greek
Anis,Female,Arabic
Anisa,Female,Arabic
Anisah,Female,Arabic
Akasha,Female,Sanskrit
Akeel,Male,Arabic
Akeem,Male,Arabic
Akira,Male,Japanese
Akram,Male,Persian
Akshay,Male,Sanskrit
Al,Male,Unknown
Alae,Male,Unknown
Alaina,Female,Irish
Alan,Male,Celtic
Aoibheann,Female,Irish
Aqeel,Male,Arabic
Aran,Male,Hebrew
Archer,Male,Latin
Archy,Male,German
Arda,Male,English
Areeb,Male,Arabic
Areeba,Female,Arabic
Arham,Male,Celtic
Aria,Male,Latin
Alayna,Female,Celtic
Alba,Female,Latin
Albi,Male,French
Alby,Male,Celtic
Aldan,Male,English
Alden,Male,English
Alea,Female,Hebrew
Aleah,Female,Hebrew
Alec,Male,Greek
Alecia,Female,German
Aroosa,Female,Unknown
Arron,Male,Hebrew
artem,Male,Greek
Arther,Male,Celtic
Artur,Male,Celtic
Arun,Male,Indian
Arwen,Male,Celtic
Aryan,Male,Hindi
Arzoo,Female,Indian
Asa,Male,Japanese
Alessandra,Female,Greek
Alessandro,Male,Spanish
Alessia,Female,Greek
Alessio,Male,Greek
Alexader,Female,Greek
Alexanda,Male,Greek
Alexandre,Female,Greek
Alexandria,Female,Greek
Alexandros,Male,Greek
Alexandru,Male,Unknown
Ashlyn,Female,Irish
Ashwin,Male,English
Asia,Female,Arabic
Asim,Male,Unknown
Asiya,Female,Arabic
Asmaa,Female,Arabic
Astrid,Female,Norse
Athena,Female,Greek
Atlanta,Female,Greek
Audrey,Female,German
August,Female,Latin
Aurora,Female,Latin
Autum,Female,English
Avery,Male,English
Avia,Male,Hebrew
Avril,Female,French
Awais,Male,Arabic
Axel,Male,Hebrew
Ayan,Female,Arabic
Ayana,Female,Arabic
Ayda,Female,Arabic
Aydan,Male,Celtic
Ayesha,Female,Arabic
Ayisha,Female,Arabic
Ayomide,Male,Yoruba
Ayse,Female,Arabic
Aysha,Female,Arabic
Ayub,Male,Arabic
Ayva,Male,German
Azaan,Male,Arabic
Azra,Female,Persian
BabyName,Female,
Brooke,Female,English
Bobby,Male,German
Bella,Female,Latin
Ben,Male,Hebrew
Bethany,Female,Hebrew
Blake,Male,English
Beatrice,Female,Latin
Baby,Female,Unknown
Bailey,Male,English
Bradley,Male,English
Belle,Female,German
Betty,Female,Hebrew
Bonnie,Female,Scottish
Brandon,Male,English
Brooklyn,Female,English
Bai,Female,Chinese
Bailee,Female,English
Baily,Male,English
Bao,Female,Chinese
Bartek,Male,Hungarian
Bartosz,Male,Aramaic
Baylee,Male,English
Bayley,Male,English
Beatriz,Female,Latin
Beca,Female,Unknown
Becca,Female,Unknown
Becki,Female,Unknown
Beckie,Female,Unknown
Bejamin,Male,Unknown
Benedict,Male,Latin
Balley,Male,Greek
Balthazar,Male,Assyrian
Banjamin,Male,Unknown
Bao,Female,Chinese
Baran,Male,Unknown
Barbara,Female,Unknown
Barney,Female,German
Barry,Male,Celtic
Bartek,Male,Hungarian
Bartosz,Male,Aramaic
Bill,Male,Unknown
Billie,Female,German
Bisma,Female,Unknown
Blade,Male,English
Blade,Male,Unknown
Blaine,Female,Scottish
Blaise,Female,Unknown
Blanka,Female,French
Blaze,Male,Unknown
Blessing,Male,English
Becca,Female,Unknown
Beck,Male,Unknown
Becki,Female,Unknown
Beckie,Female,Unknown
Becky,Female,Hebrew
Bejamin,Male,Unknown
Belinda,Female,English
Benedict,Male,Latin
Benhamin,Male,Unknown
Benjamen,Male,Hebrew
Boy,Male,Unknown
Bracken,Female,Unknown
Brad,Male,English
Bradon,Male,Unknown
Braeden,Male,Unknown
Braiden,Male,Unknown
Branden,Male,Celtic
Brandyn,Male,Unknown
Brannon,Male,Unknown
Braxton,Male,Unknown
Brayden,Male,Celtic
Braydon,Male,Celtic
Breanna,Female,Celtic
Brenda,Female,Unknown
Brenden,Male,Unknown
Brendon,Male,Celtic
Brenna,Female,Unknown
Brent,Male,Celtic
Bret,Male,Unknown
Brett,Male,English
Bridget,Female,Irish
Bridie,Female,Celtic
Briony,Female,English
Britany,Female,Unknown
Britney,Female,Unknown
Brock,Male,Unknown
Broden,Male,Unknown
Brodey,Male,Unknown
Brodie,Female,Scottish
Bronagh,Female,Unknown
Bronte,Female,Greek
Bronwyn,Female,Unknown
Brook,Female,English
Bryanna,Female,Unknown
Bryce,Male,Unknown
Buddy,Female,American
Bushra,Female,Unknown
Charlie,Male,German
Chloe,Female,Greek
Charlotte,Female,Norse
Connor,Male,Celtic
Cameron,Male,Celtic
Conor,Male,Celtic
Caitlin,Female,Irish
Cara,Female,Italian
Caleb,Male,Hebrew
Connie,Female,English
Clara,Female,Latin
Cooper,Male,English
Corey,Male,Norse
Caiden,Male,Gaelic
Callan,Male,Gaelic
Callie,Female,French
Carly,Female,German
Casper,Male,Persian
Charley,Female,German
Christina,Female,Latin
Cooper,Male,English
Corey,Male,Norse
Caiden,Male,Gaelic
Callan,Male,Gaelic
Callie,Female,French
Calvin,Male,French
Carly,Female,German
Carter,Male,English
Casper,Male,Persian
Cayden,Male,Celtic
Caelan,Male,Gaelic
Caidan,Male,Unknown
Cailan,Female,Unknown
Cailean,Male,Unknown
Cailey,Female,Unknown
Cailin,Female,Celtic
Cailtin,Male,Unknown
Caine,Male,Hebrew
Cairo,Male,Egyptian
Caitlain,Female,Unknown
Coby,Male,Hebrew
Conan,Male,Celtic
Conner,Male,Gaelic
Constance,Female,Latin
Cora,Female,Greek
Courtney,Female,French
Crystal,Female,English
Cynan,Male,Unknown
Cacey,Female,Irish and Gaelic origin
Cadan,Male,From Welsh and Scottish origin
Camron,Male,Celtic
Candice,Female,African
Cannor,Male,Unknown
Caoimhe,Female,Celtic
Caragh,Female,Unknown
Cariad,Male,Unknown
Carina,Female,English
Caris,Female,Greek
Carlo,Male,Unknown
Carol,Female,Unknown
Carolina,Female,Unknown
Carrick,Male,Unknown
Carson,Male,Celtic
Casey,Male,Celtic
Casie,Female,Irish
Cassandra,Female,Unknown
Cate,Female,Unknown
Cathrine,Female,Unknown
Cathryn,Female,Unknown
Catlyn,Female,Greek
Cecilia,Female,Latin
Ceira,Female,Unknown
Celina,Female,Unknown
Ceris,Female,Unknown
Chad,Male,Unknown
Chandler,Male,Unknown
Chanel,Female,French
Chanice,Female,Unknown
Chanise,Female,Unknown
Channel,Female,French
Cali,Female,Unknown
Calista,Female,Greek
Callam,Male,Celtic
Calleigh,Female,German
Calli,Female,Greek
Callum,Female,Celtic
Cally,Female,Unknown
Cam,Male,Unknown
Camaron,Male,Unknown
Camden,Male,Unknown
Chenai,Female,Unknown
Cherie,Female,Unknown
Cheyanne,Female,Unknown
chico,Male,Spanish
Christiana,Female,Latin
Christine,Female,Latin
Ciaron,Male,Unknown
Cienna,Female,Irish
Cieran,Male,Unknown
Cindy,Female,French
Claire,Female,Latin
Clarissa,Female,Unknown
Cliona,Female,Irish
Clive,Male,Unknown
Coben,Male,Unknown
Cobey,Male,Hebrew
Cobi,Male,Unknown
Coel,Male,English
Coen,Male,German
Colby,Male,English
Colette,Female,Unknown
Collette,Female,Unknown
Colm,Male,Unknown
Colton,Male,Unknown
Conal,Male,Unknown
Conall,Male,Celtic
Conna,Male,Unknown
Connar,Male,Unknown
Connel,Female,Unknown
Conrad,Male,German
Coran,Male,Unknown
Corban,Male,French
Corben,Male,Latin
Corbin,Male,French
Corby,Male,Unknown
Corin,Female,Latin
Corinne,Female,Unknown
Cormac,Male,Irish
Cory,Male,Irish
Courney,Female,Unknown
Courteney,Female,Unknown
Coutney,Female,Unknown
Craig,Male,Gaelic
Cristian,Male,Latin
Cruz,Male,Spanish
Curtis,Male,French
Cydney,Female,Unknown
Cyprian,Male,Latin
Cyrus,Male,Unknown
Danny,Male,Hebrew
Danielle,Female,French
Darci,Female,French
Dean,Male,English
Demi,Female,Greek
Dillon,Male,Irish
Daanyaal,Male,Unknown
Dafydd,Male,Welsh
Dainton,Female,English
Damien,Male,French
Dana,Female,Hebrew
Daneil,Male,Hebrew
Danial,Male,Hebrew
Daniela,Female,Hebrew
Danish,Male,Unknown
Daniyal,Male,Hebrew
Dante,Male,Latin
Danyl,Male,Unknown
Daphne,Female,Greek
Dara,Male,Hebrew
Darby,Male,Norse
Darcy,Male,English
Darin,Male,Unknown
Dario,Male,Unknown
Darrell,Male,Unknown
Daryl,Male,English
Dave,Male,Unknown
Davina,Female,Hebrew
Dawson,Female,Hebrew
De,Female,Unknown
Deano,Male,Unknown
Dearbhla,Female,Unknown
Deborah,Female,Hebrew
Dedan,Male,Unknown
Della,Female,Unknown
Dennis,Male,Greek
Denny,Male,Greek
Deon,Male,Greek
Derek,Male,Unknown
Desmond,Male,Celtic
Destiny,Female,English
Dev,Male,Unknown
Devan,Female,Unknown
Devante,Male,Unknown
Devlin,Male,Unknown
Devon,Male,Celtic
Dewei,Male,Chinese
Dhruv,Male,Unknown
Diego,Male,Hebrew
Dilan,Male,Welsh
Danniella,Female,Unknown
Dannielle,Female,Unknown
Dante,Male,Latin
Danyaal,Male,Unknown
Danyal,Male,Hebrew
Danyl,Male,Unknown
Daphne,Female,Greek
Daquan,Female,Chinese
Dara,Male,Hebrew
Darby,Male,Norse
Domonic,Male,Latin
Don,Male,Unknown
Donal,Male,Unknown
Donna,Female,Italian
Donnell,Male,Unknown
Donnie,Male,Unknown
Donovan,Male,Unknown
Dre,Male,Unknown
Drew,Female,English
Dru,Male,Greek
Duane,Male,Unknown
Dulan,Male,English
Dustin,Male,American
Dylen,Male,Unknown
Emily,Female,English
Ethan,Male,Hebrew
Evie,Female,Hebrew
Eva,Female,Hebrew
Erin,Female,Gaelic
Ellie,Female,Hebrew
Emma,Female,German
Edward,Male,English
Elizabeth,Female,Hebrew
Esme,Female,French
Ellis,Male,Hebrew
Ewan,Male,Celtic
Edith,Female,English
Eimear,Female,Irish
Elena,Female,French
Elis,Male,Hebrew
Elsa,Female,Hebrew
Elisha,Female,Hebrew
Elle,Female,French
Ellen,Female,Greek
Elise,Female,Hebrew
Elliott,Male,French
Ellis,Male,Hebrew
Eloise,Female,German
Ewan,Male,Celtic
Edith,Female,English
Eimear,Female,Irish
Elena,Female,French
Elijah,Male,Hebrew
Elis,Male,Hebrew
Ebenezer,Male,Hebrew
Eboney,Female,English
Eboni,Female,English
Ed,Male,English
Edan,Male,Celtic
Eddie,Male,English
Eddy,Male,English
Edmond,Male,English
Edmund,Male,English
Eduardo,Male,Spanish
Edwards,Male,Unknown
Eesa,Male,Hebrew
Eesha,Female,Hindi
Eilioh,Female,Unknown
Eilish,Female,Irish
Eira,Female,Welsh
Eisa,Female,Norse
Elaina,Female,French
Elaine,Female,Greek
Elanor,Female,Hebrew
Eamonn,Male,Irish
Eathan,Male,Hebrew
Eathen,Male,Hebrew
Ebenezer,Male,Hebrew
Eboney,Female,English
Eboni,Female,English
Ebonie,Female,English
Ebony,Female,English
Ed,Male,English
Edan,Male,Celtic
Elisia,Female,German
Eliya,Female,Hebrew
Eliz,Female,Hebrew
Ella,Female,French
Ellan,Female,Greek
Elleanor,Female,Hebrew
Ellee,Female,Hebrew
Ellena,Female,French
Ellenor,Female,Hebrew
Ellesha,Female,Hebrew
EE-ben,Male,Hebrew
Eesa,Male,Hebrew
Eesha,Female,Hindi
Efan,Male,Welsh
Efe,Male,Turkish
Effie,Female,Greek
Ehsan,Male,Arabic
Eileen,Female,English
Eilioh,Female,Unknown
Eilish,Female,Irish
Eira,Female,Welsh
Eireann,Female,Gaelic
Eisa,Female,Norse
Eisha,Female,Hindi
Eithan,Male,Hebrew
Elaina,Female,French
Elaine,Female,Greek
Elan,Male,American
Elana,Female,French
Elanor,Female,Hebrew
Enrico,Male,Italian
Enrique,Male,Spanish
Enya,Female,Celtic
Enzo,Male,Italian
Eoghan,Male,Gaelic
Eoin,Male,Hebrew
Eren,Male,Turkish
Erica,Female,Norse
Erika,Female,Norse
Ernie,Male,German
Errin,Female,Gaelic
Eryk,Male,Norse
Eryn,Female,Gaelic
Esmie,Female,French
Esra,Male,Hebrew
Essa,Female,Unknown
Estella,Female,Unknown
Ester,Female,Persian
Eugene,Male,Greek
Eunice,Female,Greek
Evalyn,Female,English
Evangelina,Female,Greek
Evangeline,Female,Greek
Evelina,Female,English
Ewen,Male,Celtic
Ezekiel,Male,Hebrew
Freya,Female,Norse
Finley,Male,Celtic
Florence,Female,Latin
Frankie,Male,Italian
Faith,Female,English
Ffion,Female,Welsh
Francesca,Female,Latin
Farrah,Female,English
Faye,Female,English
Flynn,Male,Irish
Fletcher,Male,English
Flora,Female,Latin
Francis,Male,Italian
Freddy,Male,German
Fabia,Female,Latin
Fabien,Male,Unknown
Fabio,Male,Unknown
Fae,Female,Unknown
Fahad,Male,Unknown
Faheem,Male,Unknown
Fahim,Male,Unknown
Faisal,Male,Unknown
Faiz,Male,Unknown
Falak,Female,German
Fang,Male,Chinese
Farah,Female,English
Faraz,Male,Unknown
Fardeen,Male,Unknown
Farhaan,Male,Unknown
Farhana,Female,Unknown
Fae,Female,Unknown
Fahad,Male,Unknown
Faheem,Male,Unknown
Fahim,Male,Unknown
Fahima,Female,Unknown
Fahmida,Female,Unknown
Fai,Male,Chinese
Faisal,Male,Unknown
Faiz,Male,Unknown
Faiza,Female,Unknown
Fds,Female,Unknown
Fearne,Female,English
Fen,Female,Chinese
Fenella,Female,Unknown
Feng,Female,Chinese
Fenton,Male,English
Fergal,Male,Unknown
Fernando,Male,Latin
Fia,Female,Italian
Fin,Female,Celtic
Farhaan,Male,Unknown
Farhan,Male,Gothic
Farhana,Female,Unknown
Faris,Male,English
Farrell,Male,Unknown
Farren,Male,Unknown
Faryl,Female,Gaelic
Farzana,Female,Unknown
Fatema,Female,Unknown
Fathima,Female,Unknown
Fatimah,Female,Unknown
Fatma,Female,Unknown
Favour,Male,English
Fay,Female,English
Fayth,Female,English
Fds,Female,Unknown
Fearn,Female,Unknown
Fearne,Female,English
Federico,Male,German
Felicia,Female,Unknown
Fen,Female,Chinese
Fenella,Female,Unknown
Feng,Female,Chinese
Fenton,Male,English
Fergal,Male,Unknown
Fernando,Male,Latin
Fia,Female,Italian
Fin,Female,Celtic
Finbar,Male,Unknown
Findlay,Male,Celtic
Findley,Male,Celtic
Finlay,Female,Celtic
Finnan,Male,Unknown
Finnian,Male,Celtic
Finnlay,Female,Celtic
Fintan,Male,Irish
Finton,Male,Unknown
Fion,Female,Unknown
Fiona,Female,Celtic
Fionn,Male,Celtic
Gracie,Female,Latin
Georgia,Female,Greek
Georgie,Female,Greek
Georgina,Female,Greek
Gregor,Male,Greek
Gwen,Female,Welsh
Gabby,Female,Hebrew
Gabija,Female,Lithuanian
Gabrial,Male,Hebrew
Gabriele,Male,Hebrew
Gabija,Female,Lithuanian
Gabrial,Male,Hebrew
Gabriela,Female,Hebrew
Gabriele,Male,Hebrew
Gaby,Female,Unknown
Gage,Male,Unknown
Gaia,Female,Greek
Garan,Male,French
Gareth,Male,Welsh
Garin,Male,Unknown
Garry,Male,English
Gary,Male,English
Gata,Female,Unknown
Gavin,Male,Welsh
Gemima,Female,Unknown
Gemma,Female,Italian
Gene,Female,Greek
Genevieve,Female,Celtic
Genna,Female,Unknown
Geoffrey,Male,Unknown
Geordie,Male,Unknown
Georga,Female,Greek
George,Female,Greek
Georgiana,Female,Greek
Geraint,Male,Unknown
Gerald,Male,Unknown
Geraldine,Female,Unknown
Gerard,Male,Unknown
Geroge,Male,Unknown
Gerrard,Female,Unknown
Gerry,Male,German
Gethin,Female,Welsh
Gia,Female,Unknown
Giacomo,Male,Unknown
Gian,Male,Hebrew
Gianluca,Male,Unknown
Gianna,Female,Unknown
Gianni,Male,Italian
Gideon,Male,Hebrew
Gilbert,Male,Unknown
Giles,Male,Greek
Gillian,Female,Unknown
Gina,Female,Hebrew
Gino,Male,Unknown
Giorgia,Female,Unknown
Giorgio,Male,Greek
Giovanna,Female,Unknown
Giovanni,Male,Hebrew
Giselle,Female,German
Giulia,Female,Unknown
Greta,Female,Greek
Grey,Male,English
Griffin,Male,Unknown
Gruff,Male,Unknown
Gruffydd,Male,Welsh
Guang,Male,Chinese
Gus,Male,Unknown
Guto,Male,Unknown
Guy,Male,German
Gwenllian,Female,Unknown
Gwion,Male,Welsh
Gwyn,Male,Unknown
Gwyneth,Female,Welsh
Gypsy,Female,Unknown
Hannah,Female,Hebrew
Harley,Male,English
Hugo,Male,German
Hayden,Male,German
Hamish,Male,Scottish
Harper,Female,English
Harri,Male,German
Hattie,Female,German
Hayley,Female,English
Hazel,Female,English
Hugo,Male,German
Hallie,Female,English
Hayden,Male,German
Hope,Female,English
Halle,Female,English
Hamish,Male,Scottish
Hari,Male,Sanskrit
Harper,Female,English
Harri,Male,German
Harriett,Female,German
Halimah,Female,Unknown
Hamad,Male,Unknown
Hanaa,Female,Unknown
Hani,Male,American
Hanna,Female,African
Harison,Male,Unknown
Harlan,Male,German
Harlee,Male,Unknown
Harleen,Female,Unknown
Harleigh,Male,English
Harli,Female,Unknown
Harlie,Female,Unknown
Harlow,Male,English
Harmony,Female,English
Harold,Male,Unknown
Haroon,Male,Hebrew
Harrey,Male,Unknown
Harrie,Female,Unknown
Harsh,Female,Unknown
Harun,Male,Hebrew
Hasnain,Male,Unknown
Hayon,Male,Unknown
Heather,Female,English
Heaven,Male,Unknown
Heena,Female,Unknown
Helena,Female,Greek
Hendrix,Male,English
Henley,Male,English
Henna,Female,Unknown
Henri,Male,German
Halim,Female,
Halima,Female,Arabic
Halimah,Female,Unknown
Hamad,Male,Unknown
Hamid,Male,Unknown
Hammad,Male,Unknown
Hamna,Female,Unknown
Hamza,Male,Arabic
Hamzah,Male,Unknown
Hana,Female,Hebrew
Hanaa,Female,Unknown
Hanah,Female,Hebrew
Hanan,Male,Hebrew
Hani,Male,American
Hanifa,Female,Unknown
Hanna,Female,African
Haris,Male,English
Harison,Male,Unknown
Harlan,Male,German
Harlee,Male,Unknown
Harleen,Female,Unknown
Harleigh,Male,English
Harli,Female,Unknown
Harlie,Female,Unknown
Harlow,Male,English
Harmony,Female,English
Harold,Male,Unknown
Haroon,Male,Hebrew
Harpreet,Male,Unknown
Harrey,Male,Unknown
Isla,Female,Scottish
Isabelle,Female,Hebrew
Isaac,Male,Hebrew
Imogen,Female,Celtic
Isabel,Female,Hebrew
Isobel,Female,Hebrew
Ivy,Female,French
Iris,Female,Greek
Isabell,Female,Hebrew
Issac,Male,Hebrew
Iona,Female,Norse
Isobella,Female,Hebrew
Isobelle,Female,Hebrew
Iyla,Female,Greek
Izabella,Female,Hebrew
Ian,Male,Hebrew
Ibrahim,Male,Arabic
Ida,Female,German
Idrees,Male,Arabic
Idris,Male,Welsh
Iain,Male,"Scottish, Gaelic"
Ian,Male,Hebrew
Ibraham,Male,Hebrew
Ibraheem,Male,Hebrew
Ibrahim,Male,Arabic
Ida,Female,German
Idrees,Male,Arabic
Idris,Male,Welsh
Ieaun,Male,Unknown
Iesha,Female,African
Iestyn,Male,Welsh
Ieuan,Male,Hebrew
Ievan,Male,Welsh
Ifan,Male,Welsh
Ifrah,Female,Unknown
Iga,Female,German
Igor,Male,Greek
Ihsan,Male,Arabic
Ikra,Female,Arabic
Ikrah,Female,Arabic
Indya,Female,Unknown
Ingrid,Female,Norse
Innes,Male,Celtic
Iram,Female,Unknown
Irene,Female,Unknown
Irfan,Male,Unknown
Irsa,Female,Unknown
Isa,Male,Hebrew
Isaak,Male,Hebrew
Isabela,Female,Hebrew
Isabele,Female,Unknown
Isabella,Male,Hebrew
Isac,Male,Hebrew
Ishaan,Male,Hindi
Ishaq,Male,Unknown
Ishika,Female,Unknown
Ishmael,Male,Unknown
Isiah,Female,Unknown
Islay,Female,Unknown
Isma,Female,Unknown
Ismaeel,Male,Unknown
Ismael,Male,Unknown
Ismail,Male,Hebrew
Isobell,Male,Hebrew
Isra,Female,Turkish
Israel,Male,Unknown
Issa,Male,Unknown
Issabelle,Male,Unknown
Ivan,Male,Hebrew
Ivana,Female,Hebrew
Iwan,Male,Unknown
Izaak,Male,Hebrew
Izabel,Female,Spanish
Izabela,Female,Unknown
Izabelle,Female,Unknown
Izak,Male,Unknown
Izobel,Female,Hebrew
Izzie,Female,Greek
Izzy,Female,Greek
Jack,Male,English
Jacob,Male,Hebrew
Jessica,Female,Hebrew
James,Male,Hebrew
Joshua,Male,Hebrew
Jake,Male,Hebrew
Jayden,Male,Hebrew
Jamie,Male,Hebrew
Julia,Female,Latin
Jasmine,Female,Persian
Jenson,Male,Finnish
Jac,Male,English
John,Male,Hebrew
Josh,Male,Hebrew
Jackson,Male,English
Jasper,Male,Persian
Joe,Male,Hebrew
Joel,Male,Hebrew
Jaden,Male,American
Jakub,Male,Hebrew
Jay,Male,English
Jade,Female,Spanish
Jaiden,Male,Hebrew
Jan,Male,Hebrew
Jasmin,Female,Persian
Jason,Male,Greek
Jemima,Female,Hebrew
Jennifer,Female,Welsh
Jensen,Male,Scandinavian
Jesicca,Female,Hebrew
Jesse,Male,Hebrew
Jessie,Female,Hebrew
Jimmy,Male,Hebrew
Joey,Male,Hebrew
Jonah,Male,Hebrew
Jonathan,Male,Hebrew
Josephine,Female,Hebrew
Joshuah,Male,Hebrew
Josie,Female,Hebrew
Junior,Male,American
Ja,Male,African
Jace,Male,American
Jacey,Male,American
Jackie,Female,English
Jacoby,Male,Hebrew
Jacon,Male,Unknown
Jacque,Female,Unknown
Jacqueline,Female,Hebrew
Jacques,Male,French
Jacy,Male,American
Jannat,Female,Unknown
Jarod,Male,Unknown
Jarrod,Male,Unknown
Jarvis,Male,French
Jase,Male,Unknown
Jasleen,Male,Unknown
Jasmyn,Female,Unknown
Javan,Male,Unknown
Jax,Male,Unknown
Jaxon,Male,Greek
Jagoda,Female,Polish
Jaheim,Male,Unknown
Jai,Male,Sanskrit
Jaida,Male,French
Jaidan,Male,Hebrew
Jaidon,Male,Hebrew
Jaime,Female,Hebrew
Jaimee,Female,Hebrew
Jaimie,Male,Unknown
Jak,Male,Hebrew
Jakob,Male,Hebrew
Jamaal,Male,Unknown
Jamal,Male,Arabic
Jame,Male,Unknown
Jameel,Male,Unknown
Jamel,Male,Unknown
Jamelia,Female,Arabic
Jameson,Male,Unknown
Jamielee,Female,Unknown
Jamil,Male,Unknown
Jamila,Female,Unknown
Jamima,Female,Hebrew
Jammie,Female,Hebrew
Jana,Female,Hebrew
Janae,Male,Unknown
Jane,Female,Hebrew
Janelle,Female,Hebrew
Janet,Female,Unknown
Janey,Female,Unknown
Janice,Male,French
Janie,Female,Unknown
Janine,Female,Unknown
Jannah,Female,Unknown
Jannat,Female,Unknown
Jared,Male,Hebrew
Jarod,Male,Unknown
Jarrad,Male,Unknown
Jarred,Male,German
Jarrod,Male,Unknown
Jarvis,Male,French
Jase,Male,Unknown
Jasleen,Male,Unknown
Jasmina,Female,Persian
Jasmyn,Female,Unknown
Jaspreet,Female,Unknown
Javan,Male,Unknown
Javier,Male,Unknown
Jawad,Male,Unknown
Jax,Male,Unknown
Jaxon,Male,Greek
Joely,Female,Unknown
Johan,Female,Unknown
Johanna,Female,Unknown
Johnathan,Male,Hebrew
Johnathon,Female,Hebrew
Johnnie,Male,Unknown
Jolene,Female,Hebrew
Jolie,Female,French
Jon,Male,Unknown
Jonas,Male,Hebrew
Jonathon,Male,Hebrew
Joni,Male,Hebrew
Jordan,Male,Hebrew
Jordana,Female,Unknown
Jordanna,Female,Unknown
Jorge,Male,Greek
Jorja,Male,English
Jose,Male,Unknown
Joseff,Male,Unknown
Josiah,Male,Hebrew
Jayson,Male,Greek
Jazmin,Female,Persian
Jazmine,Female,Persian
Jazmyn,Female,Unknown
Jazz,Female,American
Jazzmin,Female,Unknown
Jean-Baptiste,Male,"Hebrew, French"
Jean,Male,Scottish
Jed,Male,Hebrew
Jeevan,Male,Sanskrit
Jeff,Male,Unknown
Jeffrey,Male,Unknown
Jem,Male,Unknown
Jemimah,Female,Unknown
Jemina,Female,Hebrew
Jemma,Female,Italian
Jen,Female,Unknown
Jena,Female,Unknown
Jenifer,Female,Unknown
Jenna,Female,English
Jennah,Female,Unknown
Jenni,Female,Welsh
Jennie,Female,Celtic
Jenny,Female,Celtic
Jeremiah,Male,Hebrew
Jeremy,Male,Hebrew
Jericho,Male,Hebrew
Jermaine,Male,Latin
Jerome,Male,Greek
Jerry,Male,German
Kyle,Male,Celtic
Kayla,Female,Hebrew
Kian,Male,Irish
Kaitlyn,Female,Greek
Kara,Female,Celtic
Kate,Female,Greek
Katlyn,Female,Greek
Kayleigh,Female,Celtic
Khloe,Female,Unknown
Kiara,Female,Celtic
Kara,Female,Celtic
Kate,Female,Greek
Katlyn,Female,Greek
Kayleigh,Female,Celtic
Kevin,Male,Celtic
Khloe,Female,Unknown
Kiara,Female,Celtic
Kiera,Female,Celtic
Kieran,Male,Celtic
Kitty,Female,Greek
Kristian,Male,Latin
Kyra,Female,Persian
Kaan,Male,Turkish
Kabir,Male,Unknown
Kacey,Male,Celtic
Kaci,Female,Celtic
Kacie,Female,Celtic
Kacper,Male,Polish
Kacy,Female,Celtic
Kade,Male,Gaelic
Kallum,Male,Celtic
Kamil,Male,Arabic
Kamila,Female,Unknown
Kamran,Male,Scottish
Kane,Male,Celtic
Karan,Male,Unknown
Kareena,Female,Unknown
Karen,Female,Greek
Karim,Male,Unknown
Karina,Female,Italian
Karl,Male,German
Karlie,Female,German
Karol,Female,German
Kasey,Male,Greek
Kasia,Female,Greek
Kasper,Male,Persian
Kassie,Female,Greek
Kassim,Male,Unknown
Kassius,Male,Latin
Katelan,Female,Unknown
Katelin,Female,Unknown
Katelynn,Female,Greek
Katerina,Female,Greek
Katherine,Female,Greek
Kathleen,Female,Greek
Katia,Female,Unknown
Katlin,Female,Unknown
Katy,Female,Greek
Kavan,Male,Unknown
Kaya,Male,American
Kayan,Female,Unknown
Kaycee,Female,Celtic
Kayci,Male,Unknown
Kaycie,Female,Celtic
Kaydee,Female,Celtic
Kaye,Female,Unknown
Kaylan,Male,English
Kayle,Female,Hebrew
Kayleb,Male,Unknown
Kaylem,Male,Celtic
Kaylen,Male,Unknown
Kaylie,Female,Celtic
Kaylum,Male,Scottish
Kaylyn,Female,Unknown
Kayra,Male,Unknown
Kaysha,Male,Unknown
Kaysie,Female,Unknown
Kea,Female,Unknown
Keagan,Male,Celtic
Keah,Female,Unknown
Kean,Male,Celtic
Keelan,Male,Celtic
Keeleigh,Female,Unknown
Keeley,Female,Irish
Keely,Female,Celtic
Keigan,Male,Unknown
Keighley,Female,Unknown
Keilan,Male,Unknown
Keir,Male,Unknown
Keisey,Female,Unknown
Keisha,Female,African
Kelan,Male,Irish
Kelci,Female,Unknown
Kelis,Female,Celtic
Kelly,Female,Irish
Kelsea,Female,English
Kelsie,Female,English
Kelvin,Male,Scottish
Ken,Male,Unknown
Kenneth,Male,Celtic
Kenya,Female,Unknown
Kenzi,Female,Scottish
Kera,Female,Irish
Keri,Female,Unknown
Kerris,Female,Welsh
Kerry,Female,Irish
Keryn,Female,Irish
Kesia,Female,Unknown
Keya,Female,Unknown
Kezia,Female,Hebrew
Khadeejah,Female,Unknown
Khai,Male,Unknown
Khia,Female,Unknown
Khushi,Female,Unknown
Ki,Male,Unknown
Kiah,Female,Greek
Kiana,Female,Indoeuropean
Kianna,Female,Unknown
Kiaran,Male,Celtic
Kie,Male,German
Kiean,Male,Celtic
Kiegan,Male,Unknown
Kier,Female,Unknown
Kieron,Male,Celtic
Killian,Male,Celtic
Kimberly,Female,English
Kimi,Female,Japanese
Kinga,Female,German
Kingsley,Female,English
Kiran,Male,Sanskrit
Katy,Female,Greek
Katya,Female,Unknown
Kavan,Male,Unknown
Kay,Female,Greek
Kaya,Male,American
Kayan,Female,Unknown
Kaycee,Female,Celtic
Kayci,Male,Unknown
Kaycie,Female,Celtic
Kaydan,Male,Celtic
Kloe,Female,Greek
Kobe,Male,Hebrew
Kobi,Male,Hebrew
Kobie,Male,Unknown
Kodi,Female,Celtic
Kodie,Male,Unknown
Kofi,Male,African
Kole,Male,Unknown
Komal,Female,Unknown
Kong,Male,Chinese
Korban,Male,Unknown
Kori,Female,Norse
Krish,Male,Sanskrit
Krishan,Male,Unknown
Kristopher,Male,Unknown
Krzysztof,Male,Unknown
Kt,Female,Unknown
Kurt,Male,German
Kurtis,Male,French
Kush,Male,Unknown
Kwame,Female,Unknown
Ky,Male,Unknown
Kya,Female,English
Kyah,Female,Greek
Kye,Male,Gaelic
Kylie,Male,Celtic
Kym,Female,Unknown
Kymani,Female,Unknown
Kymberley,Female,Unknown
Kynan,Male,Unknown
Keanan,Male,Celtic
Keane,Male,Unknown
Keanna,Female,Unknown
Keanu,Male,Unknown
Keara,Female,Unknown
Keaton,Male,English
Keavy,Female,Celtic
Keefe,Male,Irish
Keegan,Male,Celtic
Keela,Female,Unknown
Logan,Male,Celtic
Leo,Male,Latin
Lola,Female,Spanish
Lewis,Male,German
Lexi,Female,Greek
Liam,Male,German
Louis,Male,German
Leon,Male,Latin
Lexie,Female,Greek
Lena,Female,Greek
Luke,Male,Greek
Leah,Female,Hebrew
Luca,Male,Greek
Louis,Male,German
Leon,Male,Latin
Lexie,Female,Greek
Lottie,Female,German
Lara,Female,Latin
Lena,Female,Greek
Libby,Female,Hebrew
Lyla,Female,Arabic
Lennon,Male,Gaelic
Leyla,Female,Arabic
Lillie,Female,English
Lois,Female,French
Lucie,Female,Latin
Lacie,Female,French
Lana,Female,English
Layton,Male,English
Leighton,Male,English
Leonie,Female,Latin
Lila,Female,English
Lilah,Female,Unknown
Lili,Female,Hebrew
Lillian,Female,Hebrew
Lilymae,Female,Unknown
Lilymay,Female,Greek
Livia,Female,Latin
Louise,Female,German
Lucia,Female,Latin
Lauren,Female,Latin
Laurie,Female,Latin
Lawrence,Male,Latin
Le,Male,Chinese
Leam,Male,German
Leela,Female,Arabic
Leeland,Male,English
Leena,Female,Hebrew
Lei,Female,Chinese
Leia,Female,Hebrew
Leigh,Female,English
Leigha,Female,Hebrew
Leila,Female,Arabic
Leilah,Female,Persian
Leilani,Female,Hawaiian
Leisha,Female,Unknown
Lela,Female,German
Leland,Male,English
Leni,Female,Unknown
Lenny,Male,German
Leona,Female,Latin
Leonard,Male,German
Leonardo,Male,German
Leone,Female,Unknown
Lesley,Female,Celtic
Leslie,Female,Unknown
Lestyn,Male,Unknown
Letitia,Female,Unknown
Lewi,Male,Hebrew
Lewys,Male,Unknown
Lex,Male,Unknown
Lexia,Female,Unknown
Lexus,Male,Greek
Leya,Female,Unknown
Li,Female,Chinese
Liah,Male,Unknown
Lian,Male,German
Liana,Female,French
Liang,Male,Chinese
Lianna,Female,Unknown
Lianne,Female,Unknown
Libbie,Female,Hebrew
Liberty,Female,English
Lidia,Female,Greek
Lilian,Female,English
Lilianna,Female,English
Lilie,Female,Latin
Lilith,Female,Unknown
Lilja,Female,Latvian
Lilley,Female,Unknown
Lilli,Male,German
Lillia,Female,English
Lin,Female,Chinese
Lincoln,Male,English
Linden,Male,English
Lindsey,Female,English
Ling,Female,Chinese
Linus,Male,Unknown
Linzi,Female,Unknown
Lisa,Female,Hebrew
Livvy,Female,Latin
Lixue,Female,Chinese
Liya,Female,Unknown
Liyah,Female,Unknown
Liyana,Female,Unknown
Liz,Female,Unknown
Liza,Female,Unknown
Lizzie,Female,Unknown
Lizzy,Female,Hebrew
Lj,Male,Unknown
Lennie,Male,German
Lennox,Male,Scottish
Lenny,Male,German
Leona,Female,Latin
Leonard,Male,German
Leonardo,Male,German
Leone,Female,Unknown
Leoni,Female,Latin
Leroy,Male,French
Lesley,Female,Celtic
Leslie,Female,Unknown
Lestyn,Male,Unknown
Leticia,Female,Unknown
Letisha,Female,Unknown
Letitia,Female,Unknown
Levi,Female,Hebrew
Lewi,Male,Hebrew
Lewie,Male,German
Lewys,Male,Unknown
Lex,Male,Unknown
Lucus,Male,Greek
Luisa,Female,German
Luka,Female,Latin
Lynden,Male,Unknown
Liana,Female,French
Liang,Male,Chinese
Lianna,Female,Unknown
Lianne,Female,Unknown
Libbi,Female,Unknown
Libbie,Female,Hebrew
Liberty,Female,English
Lidia,Female,Greek
Lilia,Female,English
Lilian,Female,English
Liliana,Female,English
Lilianna,Female,English
Lilie,Female,Latin
Lilith,Female,Unknown
Lilja,Female,Latvian
Lilley,Female,Unknown
Lilli,Male,German
Lillia,Female,English
Lilliana,Female,Unknown
Lin,Female,Chinese
Max,Male,Latin
Mason,Male,French
Millie,Female,German
Maisie,Female,Greek
Megan,Female,Welsh
Molly,Female,Hebrew
Matthew,Male,Hebrew
Maya,Female,Sanskrit
Madison,Female,English
Maisy,Female,French
Mollie,Female,Hebrew
Maddison,Female,English
Mohammed,Male,Arabic
Maja,Female,Arabic
Mya,Female,English
Maddie,Female,English
Madeleine,Female,Hebrew
Maggie,Female,Hebrew
Melissa,Female,Greek
Milly,Female,Latin
Milo,Male,Latin
Macie,Female,French
Madeline,Female,Hebrew
Maeve,Female,Celtic
Magnus,Male,Latin
Maison,Male,French
Malachi,Male,Hebrew
Mary,Female,Hebrew
Maryam,Female,English
Mathew,Male,Hebrew
Maxwell,Male,English
Meredith,Female,Welsh
Miles,Male,Latin
Mirren,Female,Hebrew
Murray,Male,Celtic
Myla,Female,English
Mylee,Female,Hawaiian
Mylo,Male,Latin
Maariya,Female,Unknown
Mabel,Female,French
Marcus,Male,Latin
Mari,Female,Japanese
Marley,Male,German
Mary,Female,Hebrew
Maryam,Female,English
Masie,Female,Greek
Mathew,Male,Hebrew
Maxwell,Male,English
Mazie,Female,Unknown
Meredith,Female,Welsh
Madelyn,Female,Unknown
Madi,Male,Unknown
Madiha,Female,Unknown
Madisyn,Female,English
Maegan,Female,Unknown
Magdalena,Female,Hebrew
Maham,Female,Unknown
Maheen,Female,Unknown
Mahmood,Male,Unknown
Mahnoor,Female,Hebrew
Mai,Female,Japanese
Maira,Male,Unknown
Mairi,Female,Unknown
Maise,Female,English
Maiya,Female,Latin
Maizey,Female,Unknown
Maizie,Female,Greek
Maizy,Male,Unknown
Makayla,Female,Hebrew
Makenzie,Female,Scottish
Maksymilian,Male,Latin
Malachy,Male,Hebrew
Malaki,Male,Hebrew
Maleehah,Female,Unknown
Malia,Female,Unknown
Malik,Male,Arabic
Manahil,Female,Unknown
Manal,Female,Unknown
Mandy,Female,Latin
Manon,Female,Unknown
Madeeha,Female,Unknown
Madelaine,Female,Hebrew
Madelene,Female,Unknown
Madelin,Female,Unknown
Madelyn,Female,Unknown
Madi,Male,Unknown
Madiha,Female,Unknown
Madina,Female,Unknown
Madisson,Female,English
Madisyn,Female,English
Madyson,Female,English
Mae,Female,English
Maegan,Female,Unknown
Magdalena,Female,Hebrew
Maha,Female,Arabic
Maham,Female,Unknown
Mahdi,Male,Unknown
Maheen,Female,Unknown
Mahima,Female,Unknown
Mahir,Male,Unknown
Mariyah,Female,Unknown
Marko,Male,Unknown
Markus,Male,Latin
Marlee,Female,English
Marni,Female,Hebrew
Marriet,Female,Hebrew
Marry,Male,Hebrew
Marshal,Male,Unknown
Marshall,Male,German
Martin,Male,Latin
Martina,Female,Unknown
Marty,Male,Unknown
Martyn,Male,Unknown
Marwa,Female,Arabic
Maryan,Female,Unknown
Maryann,Female,Hebrew
Masey,Female,French
Massimo,Male,Unknown
Matteo,Male,Italian
Matthews,Male,Hebrew
Matty,Male,Unknown
Maverick,Male,Unknown
Maxim,Male,Latin
Maxine,Female,Unknown
May,Female,English
Mayah,Female,Hebrew
Maylin,Female,Chinese
Mayson,Male,French
Mc,Male,Unknown
Mccauley,Male,Scottish
Mcenzie,Female,Unknown
Mckenzie,Female,Scottish
Md,Male,Unknown
Meabh,Male,French
Meaghan,Female,Unknown
Meah,Female,Latin
Medina,Female,Arabic
Megen,Female,Unknown
Mehul,Male,Unknown
Meiling,Female,Chinese
Manveer,Female,Unknown
Manvir,Male,Unknown
Mara,Female,Hebrew
Marc,Male,Latin
Marcel,Male,Latin
Marcella,Female,Latin
Marcia,Female,Latin
Marcie,Female,Latin
Marco,Male,Latin
Marcos,Male,Unknown
Marcy,Female,Unknown
Mared,Female,Unknown
Marek,Male,Unknown
Margaret,Female,Greek
Margot,Female,French
Mariah,Female,Hebrew
Mariam,Female,English
Marian,Female,Unknown
Mariana,Female,Hebrew
Marianna,Female,Hebrew
Marianne,Female,Hebrew
Marie,Female,Hebrew
Mariella,Female,Hebrew
Marika,Female,Hebrew
Marilyn,Female,English
Marina,Female,Unknown
Mario,Male,Latin
Marion,Female,Hebrew
Marisa,Female,Latin
Marissa,Female,Hebrew
Mina,Female,German
Ming,Male,Chinese
Misbah,Female,Unknown
Mischa,Female,Hebrew
Misha,Female,Greek
Misty,Female,Unknown
Mitchell,Male,Hebrew
Miya,Female,Latin
Mo,Male,Unknown
Mohamid,Female,Arabic
Marnie,Female,Latin
Marriet,Female,Hebrew
Marry,Male,Hebrew
Marshal,Male,Unknown
Marshall,Male,German
Marta,Female,Aramaic
Martin,Male,Latin
Martina,Female,Unknown
Martine,Female,Unknown
Marty,Male,Unknown
Muhammad,Male,Arabic
Muhammed,Male,Arabic
Murphy,Male,Unknown
Murron,Female,Celtic
Muskaan,Female,Unknown
Myah,Female,Unknown
Myia,Female,Unknown
Myles,Male,Latin
Mylie,Female,Hawaiian
Myra,Female,English
Myron,Female,Unknown
Noah,Male,Hebrew
Nicole,Female,Greek
Neve,Female,Celtic
Nevaeh,Female,English
Nicola,Female,Greek
Nieve,Female,Spanish
Nyla,Female,Sanskrit
No,Female,Hebrew
Naal,Male,Gaelic
Nabeel,Male,Arabic
Not,Male,Unknown
No,Female,Hebrew
Na,Female,Chinese
Naal,Male,Gaelic
Nabeel,Male,Arabic
Nabil,Male,Arabic
Nada,Female,Arabic
Nadeem,Male,Arabic
Nadia,Female,Russian
Nadim,Male,Arabic
Nadine,Female,Russian
Nadiyah,Female,Arabic
Naeem,Male,Arabic
Nafeesa,Female,Arabic
Nafisa,Female,Arabic
Naila,Female,Arabic
Nailah,Female,Arabic
Naima,Female,Arabic
Naimh,Female,Celtic
Naina,Female,Hindi
Nawal,Female,Arabic
Naya,Female,Arabic
Nazia,Female,Indian
Neave,Female,Latin
Ned,Male,English
Neel,Male,Celtic
Neelam,Female,Unknown
Neil,Male,Celtic
Nel,Female,English
Nelly,Female,Greek
Neo,Male,English
Nerys,Male,Unknown
Neveah,Female,English
Neville,Male,Unknown
Nial,Male,Celtic
Niall,Male,Celtic
Nichola,Female,Greek
Nicholas,Male,Greek
Nichole,Female,Unknown
Nick,Male,Greek
Nathan,Female,Hebrew
Nathanael,Male,Hebrew
Nathanial,Male,Hebrew
Nathaniel,Male,Hebrew
Nathen,Male,Hebrew
Nathon,Male,Hebrew
Naveed,Male,Arabic
Nawal,Female,Arabic
Naya,Female,Arabic
Nayan,Female,Sanskrit
Nimra,Female,Unknown
Ning,Male,Chinese
Niomi,Female,Hebrew
Nirvana,Female,Indian
Niyah,Female,African
Nojus,Male,Unknown
Noor,Female,Arabic
Nora,Female,Latin
Norah,Female,Unknown
Nour,Female,Unknown
Nel,Female,English
Nell,Female,Greek
Nellie,Female,Greek
Nelly,Female,Greek
Nelson,Female,Unknown
Nemo,Male,Latin
Neo,Male,English
Nerys,Male,Unknown
Neveah,Female,English
Neville,Male,Unknown
Olivia,Female,Latin
Oisin,Male,Celtic
Orla,Female,Celtic
Olly,Male,German
Olive,Female,Latin
Octavia,Female,Latin
Olaf,Male,Norse
Oliva,Female,Latin
Olivier,Male,Latin
Oliwia,Female,Latin
Oliwier,Male,Latin
Olympia,Female,Greek
Omari,Female,Swahili
Omarion,Male,Arabic
Oran,Male,Hebrew
Orchid,Female,Greek
Oren,Male,Hebrew
Oriana,Female,French
Orlaith,Female,Irish
Osama,Male,Arabic
Osman,Male,Arabic
Otto,Male,Hebrew
Owen,Male,Celtic
Orchid,Female,Greek
Oren,Male,Hebrew
Oriana,Female,French
Orin,Male,Hebrew
Orion,Male,Latin
Oritsé,Male,Itsekiri
Orlagh,Female,Celtic
Orlaith,Female,Irish
Orlando,Male,Italian
Orson,Male,French
Osama,Male,Arabic
Oscar,Male,Norse
Oskar,Male,Norse
Osman,Male,Arabic
Otis,Male,German
Otto,Male,Hebrew
Owain,Male,Celtic
Owais,Male,Muslim
Owen,Male,Celtic
Ozan,Male,Turkish
Ozzy,Male,German
Poppy,Female,English
Paige,Female,English
Patrick,Male,Latin
Pheobe,Female,Greek
Page,Female,English
Paris,Female,Greek
Peter,Male,Greek
Peyton,Female,English
Pixie,Female,Irish
Preston,Male,English
Peter,Male,Greek
Peyton,Female,English
Pippa,Female,Greek
Pixie,Female,Irish
Preston,Male,English
Pablo,Male,Latin
Pacey,Female,Latin
Paddy,Male,Latin
Padraig,Male,Latin
Pagan,Female,English
Paighton,Female,English
Paisley,Female,Gaelic
Pamela,Female,Greek
Panashe,Female,French
Pang,Female,Chinese
Paola,Female,Italian 
Paolo,Male,Latin
Paradise,Female,English
Park,Male,Korean
Parker,Male,English
Parris,Female,English
Parth,Male,Hindi
Pasha,Male,Greek
Patience,Female,Latin
Patrice,Female,Latin
Patricia,Female,Latin
Patrycja,Female,Polish
Patryk,Male,Latin
Patsy,Female,Latin
Paul,Male,Latin
Pharrell,Male,Irish
Pheobie,Female,Greek
Philip,Male,Greek
Phillip,Male,Greek
Phobe,Female,Greek
Phobie,Female,Greek
Phoebie,Female,Greek
Phoenix,Male,Greek
Pia,Female,Latin
Piotr,Male,Greek
Pj,Male,English
Poesy,Female,English
Pola,Male,Latin
Porscha,Female,English
Porsha,Female,English
Porter,Male,Latin
Portia,Female,English
Prabhat,Female,Sanskrit
Pranav,Male,Sanskrit
Prince,Male,English
Petra,Female,Greek
Pharrell,Male,Irish
Phebe,Female,Greek
Pheobie,Female,Greek
Philip,Male,Greek
Philipa,Female,Greek
Philippa,Female,Greek
Phillip,Male,Greek
Phillipa,Female,Greek
Phillippa,Female,Greek
Qais,Male,Arabic
Qasim,Male,Arabic
Qi,Female,Chinese
Qiang,Female,Chinese
Qing,Female,Chinese
Quan,Female,Chinese
Quinn,Male,Celtic
Riley,Male,English
Ruby,Female,Hebrew
Ryan,Male,Celtic
Rosie,Female,English
Rebecca,Female,Hebrew
Rory,Male,Celtic
Rhys,Male,Welsh
Reuben,Male,Hebrew
Ronnie,Male,Hebrew
Rose,Female,German
Ruben,Male,Hebrew
Ruth,Female,Hebrew
Raphael,Male,Hebrew
Rocco,Male,German
Rueben,Male,Hebrew
Rylee,Male,English
Racheal,Male,Hebrew
Rachelle,Female,Unknown
Raees,Male,Unknown
Raeesa,Female,Unknown
Ryley,Male,English
Ralph,Male,German
Raphael,Male,Hebrew
Rihanna,Female,Celtic
Rio,Male,Spanish
Rocco,Male,German
Roman,Male,Latin
Ronan,Male,Celtic
Ross,Male,Celtic
Roxy,Female,Persian
Raine,Male,Unknown
Rajveer,Male,Unknown
Ralf,Male,Norse
Ralphie,Male,Unknown
Rami,Male,Unknown
Rana,Female,Arabic
Rani,Female,Unknown
Rania,Female,Sanskrit
Raul,Male,Unknown
Raven,Male,English
Rae,Female,German
Raees,Male,Unknown
Raeesa,Female,Unknown
Raeesah,Female,Unknown
Raegan,Female,Celtic
Rafael,Male,Hebrew
Rafe,Male,German
Rafferty,Male,Celtic
Rafi,Male,Arabic
Raheel,Male,Unknown
Raheem,Male,Arabic
Raheim,Male,Unknown
Rahil,Male,Unknown
Rahim,Male,Arabic
Rahima,Female,Unknown
Rahma,Female,Unknown
Rahman,Male,Arabic
Rahul,Male,Indian
Raihan,Male,Arabic
Raine,Male,Unknown
Raj,Male,Unknown
Raja,Male,Unknown
Rajan,Male,Sanskrit
Rajveer,Male,Unknown
Ralf,Male,Norse
Ralphie,Male,Unknown
Ram,Male,Unknown
Rami,Male,Unknown
Rana,Female,Arabic
Rani,Female,Unknown
Rhiann,Female,Unknown
Rhiannan,Female,Celtic
Rhiannon,Female,Welsh
Rhianon,Female,Unknown
Rhona,Female,Unknown
Rian,Male,Celtic
Riana,Female,Unknown
Riaz,Male,Unknown
Ricardo,Male,German
Richard,Male,German
Ricky,Male,German
Rico,Male,German
Rida,Male,Unknown
Riely,Male,German
Rilley,Female,English
Rimsha,Female,Unknown
Riona,Female,Unknown
Rishi,Male,German
Rita,Female,Unknown
Ritchie,Male,Unknown
Ritik,Male,Unknown
Rizwan,Male,Unknown
Roary,Male,Celtic
Rob,Male,Unknown
Robby,Male,Unknown
Roberta,Female,German
Robin,Male,German
Roby,Female,German
Rochelle,Female,German
Rocky,Male,Unknown
Rodrigo,Male,Unknown
Rogan,Male,Unknown
Roger,Male,German
Roise,Male,Unknown
Romana,Female,Unknown
Romano,Male,Unknown
Romany,Female,Latin
Rome,Female,Unknown
Romeo,Male,Latin
Romy,Female,Unknown
Ronald,Male,Unknown
Rong,Male,Chinese
Ronni,Female,Unknown
Ronny,Male,Hebrew
Rosalie,Female,Unknown
Rosalind,Female,German
Rosanna,Female,German
Roseanna,Female,Italian
Rosemary,Female,English
Roshan,Male,Unknown
Rosina,Female,German
Rowen,Female,Celtic
Rowena,Female,Unknown
Roxie,Female,Greek
Roy,Male,Celtic
Ruairidh,Male,Celtic
Rubin,Female,Hebrew
Rudy,Male,German
Rula,Female,English
Rumaysa,Male,Unknown
Ruqayyah,Female,Unknown
Russell,Male,French
Ryhs,Male,Unknown
Sophie,Female,Greek
Samuel,Male,Hebrew
Summer,Female,English
Sofia,Female,Italian
Skye,Female,English
Skyla,Female,Dutch
Samantha,Female,English
Shannon,Female,Irish
Shay,Male,Irish
Shelby,Female,Norse
Simon,Male,Hebrew
Sion,Male,Hebrew
Sky,Female,English
Skylar,Female,Dutch
Spencer,Male,French
Steffan,Male,Greek
Stella,Female,Latin
Stephanie,Female,Greek
Struan,Male,English
Saahil,Male,Hindi
Saara,Female,Hebrew
Sabah,Female,Muslim
Sabina,Female,Latin
Sacha,Female,Greek
Sadia,Female,Hebrew
Saeed,Male,Arabic
Safia,Female,Arabic
Safiyah,Female,Arabic
Safiyyah,Female,Arabic
Safwaan,Male,Muslim
Sion,Male,Hebrew
Sky,Female,English
Skylar,Female,Dutch
Sonia,Female,Greek
Spencer,Male,French
Steffan,Male,Greek
Stella,Female,Latin
Stephanie,Female,Greek
Steven,Male,Greek
Struan,Male,English
Szymon,Male,Hebrew
Saad,Male,Arabic
Saahil,Male,Hindi
Saara,Female,Hebrew
Saarah,Female,Arabic
Saba,Female,Greek
Sabah,Female,Muslim
Sabastian,Male,Greek
Sabiha,Female,Muslim
Sabina,Female,Latin
Samira,Female,Arabic
Samiya,Female,Arabic
Sammi,Male,Hebrew
Sammuel,Male,Hebrew
Sammy,Male,Hebrew
Samy,Male,Hebrew
Sana,Female,Hebrew
Sanaa,Female,Hebrew
Sanah,Female,Arabic
Sanam,Female,Arabic
Safaa,Female,
Safah,Female,Arabic
Saffa,Female,Arabic
Safia,Female,Arabic
Safiya,Female,Arabic
Safiyah,Female,Arabic
Safiyyah,Female,Arabic
Safwaan,Male,Muslim
Safwan,Male,Muslim
Sahar,Female,Arabic
Sahara,Female,Arabic
Sahib,Male,Arabic
Sahil,Male,Arabic
Sahra,Female,Unknown
Saif,Male,Arabic
Sailor,Male,American
Saim,Male,Muslim
Saima,Female,Arabic
Saira,Male,Arabic
Sairah,Female,Hebrew
Shae,Female,Celtic
Shah,Male,Persian
Shai,Female,Hebrew
Shaina,Female,Yiddish
Shakeel,Male,Arabic
Shamus,Male,Irish
Shana,Female,Hebrew
Shanae,Female,Irish
Shanai,Female,Irish
Shanay,Female,Hebrew
Shane,Male,Hebrew
Shani,Male,African
Shanna,Female,Hebrew
Shannay,Female,Indian
Shanon,Female,Irish
Shantel,Female,French
Shaquille,Male,Arabic
Sharna,Female,English
Shawn,Male,Irish
Shawna,Female,Irish
Shaye,Female,Irish
Shayla,Female,Irish
Shayna,Female,Hebrew
Shayne,Male,Hebrew
Sheena,Female,Hebrew
Sheldon,Male,English
Shelly,Female,English
Shenai,Female,French
Sheng,Male,Chinese
Sheree,Female,German
Shianne,Female,Hebrew
Shivani,Female,Hindu
Shola,Female,African
Shyam,Male,Unknown
Shyanne,Female,Unknown
Sianna,Female,Unknown
Sidney,Male,English
Sidra,Female,Unknown
Siena,Female,English
Sierra,Female,English
Sigourney,Female,English
Simona,Female,Hebrew
Siobhan,Female,Unknown
Sioned,Female,Unknown
Siraj,Male,Unknown
Skyler,Female,Dutch
Sneha,Male,Unknown
Sofie,Female,Greek
Sol,Male,Hebrew
Somer,Female,Unknown
Sommer,Female,English
Sona,Female,Unknown
Sonnie,Male,English
Sonya,Female,Unknown
Soren,Female,Latin
Soul,Male,Unknown
Stacey,Female,Greek
Stan,Male,Unknown
Stefan,Male,Greek
Stefano,Male,Unknown
Saxon,Male,German
Scarlette,Female,English
Scarlotte,Female,English
Scot,Male,Celtic
Scout,Female,English
Seamus,Male,Irish
Seana,Female,Irish
Seanna,Male,Irish
Seb,Male,Greek
Sebastien,Male,Greek
Sebastion,Male,Greek
Sehar,Female,Persian
Selena,Female,Greek
Selin,Female,Greek
Selina,Female,Greek
Senna,Female,Latin
Serena,Female,Latin
Serenity,Female,Latin
Sergio,Male,Latin
Serina,Female,Latin
Seth,Female,Hebrew
Shaan,Male,Hebrew
Shae,Female,Celtic
Shah,Male,Persian
Shahzaib,Male,Urdu
Shai,Female,Hebrew
Shaina,Female,Yiddish
Shakeel,Male,Arabic
Shakira,Female,Arabic
Shakur,Male,Arabic
Shamus,Male,Irish
Shan,Male,Irish
Shana,Female,Hebrew
Shanade,Female,Irish
Shanae,Female,Irish
Shanai,Female,Irish
Shanay,Female,Hebrew
Shanaya,Female,Hebrew
Shane,Male,Hebrew
Shanelle,Female,American
Thomas,Male,Aramaic
Tyler,Male,English
Theo,Male,Greek
Toby,Male,Hebrew
Tommy,Male,Aramaic
Tilly,Female,German
Tabitha,Female,Aramaic
Tia,Female,Latin
Tom,Male,Aramaic
Tomos,Male,Aramaic
Tiana,Female,Latin
Torin,Male,Irish
Travis,Male,French
Tristan,Male,Celtic
Tahira,Female,Unknown
Tahlia,Female,Hebrew
Taiya,Female,French
Takara,Female,Unknown
Tala,Male,Unknown
Talhah,Male,Unknown
Talia,Female,Hebrew
Taliah,Female,Hebrew
Talisha,Female,Aramaic
Talula,Female,Unknown
Talulah,Female,American
Tamanna,Female,Unknown
Tamar,Female,Hebrew
Tamara,Female,Hebrew
Tamera,Female,Unknown
Tamika,Female,Unknown
Tammy,Female,Hebrew
Tamzin,Female,Aramaic
Tamzyn,Female,Unknown
Tanesha,Female,Unknown
Tania,Female,Latin
Tanika,Female,Unknown
Tanisha,Female,African
Tanveer,Male,Unknown
Tanvi,Female,Unknown
Tanvir,Male,Unknown
Tanya,Female,Russian
Taran,Male,Persian
Tariq,Male,Unknown
Tarun,Male,Unknown
Tasha,Female,Latin
Tasmin,Female,Unknown
Tasneem,Female,Unknown
Tasnia,Female,Unknown
Tasnim,Female,Unknown
Tate,Male,Norse
Tatiana,Female,Russian
Tatum,Female,Unknown
Tay,Female,Unknown
Tayah,Female,French
Taybah,Female,Unknown
Taye,Male,Unknown
Taylah,Female,Hebrew
Taylan,Male,American
Tayler,Female,Hebrew
Tayyib,Male,Unknown
Tamika,Female,Unknown
Tammy,Female,Hebrew
Tamsin,Female,Aramaic
Tamsyn,Male,Aramaic
Tamzin,Female,Aramaic
Tamzyn,Female,Unknown
Tanesha,Female,Unknown
Tania,Female,Latin
Tanika,Female,Unknown
Tanisha,Female,African
Teoni,Female,Unknown
Teresa,Female,Greek
Terrell,Male,Unknown
Terrence,Male,Unknown
Tesni,Female,Unknown
Tessa,Female,Greek
Thalia,Female,Greek
Theodora,Female,Greek
Theresa,Female,Greek
Thierry,Male,French
Thom,Male,Aramaic
Tiago,Male,Hebrew
Tiah,Female,Greek
Tian,Male,Latin
Tiara,Female,English
Tiarna,Female,Unknown
Tiarnan,Male,Unknown
Tiegan,Female,Welsh
Tierna,Female,Irish
Tiernan,Male,Irish
Taya,Female,Japanese
Tayah,Female,French
Taybah,Female,Unknown
Taye,Male,Unknown
Taylah,Female,Hebrew
Taylan,Male,American
Tayler,Female,Hebrew
Tayyab,Male,Hebrew
Tayyib,Male,Unknown
Tayyibah,Female,Unknown
Tazmin,Female,Unknown
Tba,Male,Unknown
Tea,Female,Greek
Teagan,Female,Celtic
Teah,Female,Unknown
Teddie,Male,Unknown
Tee,Male,Unknown
Teegan,Female,Welsh
Teejay,Female,American
Tegen,Female,Unknown
Trey,Male,English
Trinity,Female,English
Trisha,Female,Unknown
Tristen,Male,Celtic
Tristian,Male,Celtic
Triston,Male,Celtic
Troy,Male,French
Tru,Male,Unknown
Trudy,Female,German
Trystan,Male,Latin
Tuco,Male,South American
Ty,Male,English
Tye,Male,Celtic
Tyla,Male,French
Tylan,Male,Unknown
Tylor,Male,English
Tymon,Male,Greek
Tymoteusz,Male,Unknown
Tyra,Female,Norse
Tyree,Male,Unknown
Tyreece,Male,Irish
Tyreese,Male,Celtic
Tyreke,Male,Unknown
Tyrell,Male,French
Tyresse,Male,English
Tyrhys,Female,Unknown
Tyrique,Male,Unknown
Tyron,Male,Celtic
Tyrone,Male,Celtic
Tyson,Male,English
Ubaid,Male,Egyptian
Uma,Female,Sanskrit
Umair,Male,Arabic
Umar,Male,Arabic
Umayr,Male,Arabic
Umer,Male,Arabic
Umme,Female,Indian
Una,Female,Celtic
Ursula,Female,Latin
Usama,Male,Arabic
Victoria,Female,Latin
Violet,Female,Latin
Vanessa,Female,Latin
Verity,Female,English
Victor,Male,Latin
Valentina,Female,Latin
Valentino,Female,Latin
Valerie,Female,Latin
Varun,Male,Hindi
Vaughan,Male,Welsh
Vaughn,Male,Welsh
Veer,Male,Sanskrit 
Veronica,Female,Greek
Veronika,Female,Greek
Vicki,Female,Latin
Vicky,Female,Latin
Vienna,Female,Austrian
Vikki,Female,Latin
Viktor,Male,Latin
Viktoria,Female,Latin
Vinay,Male,Sanskrit
Vince,Male,Latin
Vincent,Male,Latin
Vincenzo,Male,Latin
Vinnie,Male,Latin
Vinny,Male,Latin
Virginia,Female,Latin
Vishal,Female,Hindu
Vishnu,Male,Hindu
Vivek,Male,Indian
Vivian,Female,Latin
Vivien,Female,Latin
Vivienne,Female,Latin
William,Male,German
Wren,Female,English
Walid,Male,Arabic
Waqar,Male,Arabic
Warren,Male,French
Warrick,Male,German
Wei,Male,Chinese
Wendy,Female,English
Weronika,Female,Greek
Whitney,Female,English
Wiktoria,Female,Latin
Williams,Male,German
Winnie,Female,Celtic
Winona,Female,Native American Indian
Wu,Male,Chinese
Xander,Male,Greek
Xanthe,Female,Greek
Xavier,Male,Basque
Xena,Female,Greek
Xenia,Female,Greek
Xia,Female,Chinese
Xiang,Female,Chinese
Xiao,Male,Chinese
Xiaoping,Male,Chinese
Xing,Male,Chinese
Xiu,Female,Chinese
Xue,Female,Chinese
Xun,Male,Chinese
Yahya,Male,"Hebrew, Arabic"
Yakub,Male,Arabic
Yan,Male,"Chinese, Hebrew"
Yanis,Male,Greek
Yannick,Female,"Hebrew, Breton, French"
Yaqub,Male,Hebrew
Yara,Female,Arabic and Brazilian 
Yaseen,Male,Arabic
Yasemin,Female,Persian
Yash,Male,Sanskrit
Yasin,Male,Arabic
Yasir,Male,Arabic
Yasmeen,Female,Persian
Yasmin,Male,Persian
Yasmina,Female,Persian
Yasmine,Female,Persian
Yazmin,Female,Persian
Ye,Male,Chinese
Yi,Female,Chinese
Yousaf,Male,Hebrew and Arabic
Yousef,Male,Hebrew
Yousif,Male,Hebrew
Youssef,Male,Hebrew
Yousuf,Male,Hebrew
Ysabel,Female,Hebrew
Yu,Male,Chinese
Yue,Male,Chinese
Yumna,Female,Arabic
Yusef,Male,Arabic
Yusra,Female,Arabic
Yusuf,Male,Hebrew
Yuvraj,Male,Arabic
Yvaine,Female,German
Yvette,Female,French
Yvie,Female,Hebrew
Yvonne,Female,German
Zara,Female,Arabic
Zachary,Male,Hebrew
Zoe,Female,Greek
Zac,Male,Hebrew
Zach,Male,Hebrew
Zack,Male,Hebrew
Zahra,Female,African
Zak,Male,Hebrew
Zane,Male,Hebrew
Zaara,Female,Arabic
Zacary,Male,Hebrew
Zacharia,Male,Hebrew
Zachariah,Male,Hebrew
Zachery,Male,Hebrew
Zackary,Male,Hebrew
Zackery,Male,Hebrew
Zahara,Female,Arabic
Zahid,Male,Unknown
Zahraa,Female,African
Zahrah,Female,African
Zaid,Male,Arabic
Zain,Female,Hebrew
Zaina,Female,Arabic
Zainab,Female,Arabic
Zaine,Male,Hebrew
Zakaria,Male,Hebrew
Zakariah,Male,Hebrew
Zakariya,Male,Hebrew
Zakariyya,Male,Hebrew
Zakary,Male,Hebrew
Zaki,Male,Arabic
Zakir,Male,Arabic
Zakiya,Female,Hebrew
Zakiyah,Female,Hebrew
Zakk,Male,Hebrew
Zan,Female,Chinese
Zander,Male,Greek
Zarah,Female,Hebrew
Zavier,Male,Basque
Zayan,Male,Hebrew
Zayd,Male,Arabic
Zayn,Male,Hebrew
Zayna,Female,Arabic
Zaynab,Female,Arabic
Zaynah,Female,Arabic
Zayyan,Male,Arabic
Zeb,Male,Hebrew
Zed,Male,Hebrew
Zeenat,Female,Sanskrit
Zeeshan,Male,Arabic
